{"2": 0.0, "3": 0.232421875, "4": 0.3066864013671875, "5": 0.2958, "6": 0.2454, "7": 0.1852, "8": 0.1289, "9": 0.0864, "10": 0.057, "11": 0.035, "12": 0.0202, "13": 0.0137, "14": 0.007}