{"2": 0.0, "3": 0.021484375, "4": 0.0843353271484375, "5": 0.134, "6": 0.128, "7": 0.112, "8": 0.09, "9": 0.063, "10": 0.041, "11": 0.013, "12": 0.017, "13": 0.01, "14": 0.004}