{"2": 0.4375, "3": 0.755859375, "4": 0.8998870849609375, "5": 0.9582, "6": 0.98, "7": 0.9898, "8": 0.995, "9": 0.998, "10": 0.9996, "11": 0.9997, "12": 0.9997, "13": 1.0, "14": 0.9999, "15": 0.9999, "16": 0.9999, "17": 1.0, "18": 1.0, "19": 1.0, "20": 1.0, "21": 1.0, "22": 1.0, "23": 1.0, "24": 1.0, "25": 1.0, "26": 1.0, "27": 1.0, "28": 1.0, "29": 1.0, "30": 1.0}