{"2": 0.0,
"3": 0.021484375,
"4": 0.0843353271484375,
"5": 0.1252,
"6": 0.1293,
"7": 0.1081,
"8": 0.085,
"9": 0.0565,
"10": 0.0344,
"11": 0.0225,
"12": 0.0137,
"13": 0.01,
"14": 0.004}