{"2": 0.0,
"3": 0.173828125,
"4": 0.2756805419921875,
"5": 0.3008,
"6": 0.2854,
"7": 0.2426,
"8": 0.1782,
"9": 0.13,
"10": 0.082,
"11": 0.0519,
"12": 0.0323,
"13": 0.0204,
"14": 0.017}