{"2": 0.0,
"3": 0.076171875,
"4": 0.103179931640625,
"5": 0.0895,
"6": 0.0647,
"7": 0.042,
"8": 0.028,
"9": 0.0167,
"10": 0.0084,
"11": 0.0049,
"12": 0.0024,
"13": 0.0012,
"14": 0.001}