{"2": 0.0, "3": 0.01171875, "4": 0.02142333984375, "5": 0.0207, "6": 0.0177, "7": 0.0105, "8": 0.0069, "9": 0.0047, "10": 0.0029}