{"2": 0.4375, "3": 0.755859375, "4": 0.8998870849609375, "5": 0.9596, "6": 0.9818, "7": 0.9912, "8": 0.9955, "9": 0.9983, "10": 0.9987, "11": 0.9996, "12": 0.9994, "13": 0.9999, "14": 0.9998, "15": 0.9999, "16": 1.0, "17": 1.0, "18": 1.0, "19": 1.0, "20": 1.0, "21": 1.0, "22": 1.0, "23": 1.0, "24": 1.0, "25": 1.0, "26": 1.0, "27": 1.0, "28": 1.0, "29": 1.0, "30": 1.0}